<edmx:Edmx
    xmlns:edmx="http://schemas.microsoft.com/ado/2007/06/edmx" Version="1.0">
    <edmx:DataServices
        xmlns:m="http://schemas.microsoft.com/ado/2007/08/dataservices/metadata" m:DataServiceVersion="1.0">
        <Schema
            xmlns="http://schemas.microsoft.com/ado/2008/09/edm" Namespace="test-project">
            <EntityType Name="User">
                <Key>
                    <PropertyRef Name="Id"/>
                </Key>
                <Property Name="FirstName" Type="Edm.String"/>
                <Property Name="Id" Type="Edm.Int32" Nullable="false"/>
                <Property Name="LastName" Type="Edm.String"/>
                <Property Name="Password" Type="Edm.String"/>
                <Property Name="UserName" Type="Edm.String"/>
            </EntityType>
            <EntityContainer Name="test-projectContainer" m:IsDefaultEntityContainer="true">
                <EntitySet Name="Users" EntityType="test-project.User"/>
            </EntityContainer>
        </Schema>
    </edmx:DataServices>
</edmx:Edmx>